id,first_name,last_name,email,gender,ip_address
1,Lynn,Wyard,lwyard0@soundcloud.com,Male,175.6.93.178
2,Jameson,Aronov,jaronov1@npr.org,Agender,113.200.102.100
3,Blaire,Mandell,bmandell2@indiegogo.com,Female,114.240.81.201
4,Tess,Barritt,tbarritt3@drupal.org,Female,128.87.107.112
5,Elia,Astlet,eastlet4@rediff.com,Male,165.60.69.162
6,Charissa,Gommery,cgommery5@wix.com,Female,242.47.96.113
7,Mort,Maureen,mmaureen6@ameblo.jp,Male,133.12.184.168
8,Mason,Sawtell,msawtell7@google.com.au,Male,173.38.167.68
9,Cornie,Ede,cede8@drupal.org,Male,13.14.242.167
10,Cordie,Roder,croder9@cisco.com,Genderqueer,126.144.61.29
11,Walt,Coggeshall,wcoggeshalla@multiply.com,Male,17.169.142.46
12,Charmion,Dunning,cdunningb@xinhuanet.com,Female,241.74.150.73
13,Philippe,Vasyukhnov,pvasyukhnovc@hhs.gov,Female,73.210.48.124
14,Jarret,Blesdill,jblesdilld@auda.org.au,Male,22.206.19.119
15,Perle,Fozard,pfozarde@taobao.com,Female,238.150.252.32
16,Lanie,Renshaw,lrenshawf@ifeng.com,Female,66.51.196.138
17,Harrison,Craigheid,hcraigheidg@diigo.com,Male,50.6.253.254
18,Audy,Ivashchenko,aivashchenkoh@google.es,Female,88.196.12.12
19,Heywood,Robley,hrobleyi@newyorker.com,Male,83.249.93.165
20,Morlee,Maccraw,mmaccrawj@virginia.edu,Male,121.43.47.152
21,Natalie,Cohn,ncohnk@buzzfeed.com,Polygender,75.244.150.88
22,Querida,Staining,qstainingl@sogou.com,Female,99.163.189.196
23,Corie,Matous,cmatousm@dion.ne.jp,Female,138.24.224.194
24,Adam,Aurelius,aaureliusn@discuz.net,Male,36.95.234.181
25,Isa,Josef,ijosefo@livejournal.com,Male,195.112.237.132
26,Bil,Chinnick,bchinnickp@zimbio.com,Male,16.161.239.247
27,Dacey,Sergent,dsergentq@hhs.gov,Bigender,116.108.155.164
28,Hartwell,Cumine,hcuminer@sourceforge.net,Male,239.3.139.191
29,Norby,Rhodus,nrhoduss@marketwatch.com,Male,230.18.202.17
30,Karna,Crasford,kcrasfordt@wordpress.com,Female,45.234.17.164
31,Olwen,Jennick,ojennicku@google.ca,Female,28.140.61.146
32,Terrijo,Escreet,tescreetv@mail.ru,Female,33.224.205.121
33,Evvie,Spottswood,espottswoodw@irs.gov,Female,3.158.210.22
34,Mozes,Strode,mstrodex@reference.com,Male,197.72.139.1
35,Denver,Skains,dskainsy@nsw.gov.au,Male,240.40.150.43
36,Almeria,Wetherell,awetherellz@microsoft.com,Female,123.159.84.217
37,Kimble,Kausche,kkausche10@shutterfly.com,Male,57.240.107.66
38,Octavius,Cutler,ocutler11@japanpost.jp,Male,202.113.200.116
39,Gar,Spatoni,gspatoni12@csmonitor.com,Male,62.169.41.158
40,Tiphanie,Lumly,tlumly13@clickbank.net,Female,204.114.136.225
41,Aksel,Senchenko,asenchenko14@digg.com,Male,215.76.206.221
42,Bay,Patnelli,bpatnelli15@cornell.edu,Male,32.64.233.134
43,Gabriele,Unger,gunger16@booking.com,Male,116.235.43.227
44,Nicolais,Bartos,nbartos17@loc.gov,Male,11.147.68.246
45,Kesley,Gaylor,kgaylor18@go.com,Female,59.206.6.119
46,Alley,Crab,acrab19@guardian.co.uk,Male,194.244.134.173
47,Gay,Milliere,gmilliere1a@amazon.com,Male,43.71.70.188
48,Mira,Aughtie,maughtie1b@weebly.com,Female,255.160.69.126
49,Jonathon,Breznovic,jbreznovic1c@google.de,Male,108.25.146.154
50,Jarad,Hilling,jhilling1d@guardian.co.uk,Male,203.143.0.204
51,Joscelin,Pipping,jpipping1e@example.com,Female,191.159.78.186
52,Violette,Shambrook,vshambrook1f@yolasite.com,Female,28.76.115.123
53,Corey,Trye,ctrye1g@sbwire.com,Female,153.59.253.236
54,Emile,Stutte,estutte1h@blinklist.com,Male,43.149.241.19
55,Rania,Dugdale,rdugdale1i@ning.com,Female,155.28.45.194
56,Tiffie,Ovens,tovens1j@discuz.net,Female,183.189.68.248
57,Cherrita,Deadman,cdeadman1k@cdc.gov,Female,23.160.231.101
58,Deb,Rudderham,drudderham1l@google.fr,Female,254.232.47.3
59,Ollie,Belfrage,obelfrage1m@illinois.edu,Male,78.110.185.34
60,Ozzy,Reynold,oreynold1n@yellowbook.com,Male,185.204.140.34
61,Merrily,Carnow,mcarnow1o@dagondesign.com,Female,218.176.72.234
62,Filbert,Durnill,fdurnill1p@guardian.co.uk,Male,179.197.139.30
63,Ludovika,Whissell,lwhissell1q@sciencedaily.com,Female,30.248.193.113
64,Lyndell,Collister,lcollister1r@php.net,Female,17.148.255.245
65,Panchito,Bedrosian,pbedrosian1s@ezinearticles.com,Male,55.207.192.128
66,Durant,Riggulsford,driggulsford1t@dropbox.com,Male,205.241.249.197
67,Sibelle,Naisbit,snaisbit1u@amazon.co.jp,Female,217.241.31.219
68,Rafaelia,Murdoch,rmurdoch1v@usda.gov,Female,13.28.84.88
69,Belicia,Brosel,bbrosel1w@deliciousdays.com,Non-binary,22.146.243.104
70,Rita,Izat,rizat1x@behance.net,Female,20.220.194.210
71,Cyril,Falco,cfalco1y@issuu.com,Male,150.2.249.84
72,Jeanie,Yair,jyair1z@google.ca,Female,186.133.2.254
73,Abdel,MacTerrelly,amacterrelly20@cornell.edu,Male,135.135.181.158
74,Gail,Georghiou,ggeorghiou21@toplist.cz,Male,44.155.131.225
75,Hymie,Rasper,hrasper22@xinhuanet.com,Male,25.167.6.233
76,Abeu,Edington,aedington23@aol.com,Male,248.156.28.74
77,Zolly,Boutellier,zboutellier24@nymag.com,Genderqueer,255.141.64.150
78,Sandy,Freshwater,sfreshwater25@msu.edu,Male,44.25.32.19
79,Demetris,Locksley,dlocksley26@goo.gl,Male,178.12.248.200
80,Raddie,MacDermand,rmacdermand27@guardian.co.uk,Male,6.177.59.68
81,Breanne,Britton,bbritton28@patch.com,Female,116.221.214.233
82,Frederica,Goodwin,fgoodwin29@imgur.com,Female,121.87.69.76
83,Armin,Condit,acondit2a@homestead.com,Male,69.151.177.125
84,Cecily,Deluca,cdeluca2b@weather.com,Female,222.134.90.108
85,Clevie,Ledgard,cledgard2c@state.tx.us,Male,65.31.213.97
86,Abner,Shill,ashill2d@psu.edu,Male,14.66.86.103
87,Filmer,Lanchester,flanchester2e@wsj.com,Male,28.98.162.215
88,Nickie,Ribbens,nribbens2f@icq.com,Male,50.145.225.94
89,Hersch,Rickardes,hrickardes2g@businessweek.com,Male,41.200.203.30
90,Brice,Mailes,bmailes2h@amazonaws.com,Male,50.237.136.162
91,Lesya,Yepiskov,lyepiskov2i@disqus.com,Female,108.136.67.51
92,Dione,Lightfoot,dlightfoot2j@wikia.com,Female,219.19.209.157
93,Tobye,Le Grove,tlegrove2k@ted.com,Female,168.247.74.206
94,Nina,Laise,nlaise2l@bravesites.com,Polygender,45.74.46.98
95,Bryant,Sketh,bsketh2m@baidu.com,Male,110.50.149.161
96,Arleen,Shimman,ashimman2n@homestead.com,Female,170.245.86.160
97,Tasha,Gerrey,tgerrey2o@altervista.org,Female,76.90.169.207
98,Luigi,McKinty,lmckinty2p@angelfire.com,Male,248.22.209.253
99,Wallache,Swiffan,wswiffan2q@joomla.org,Male,14.234.144.232
100,Chandal,Juleff,cjuleff2r@nationalgeographic.com,Female,65.80.100.33
101,Skip,Calafate,scalafate2s@marketwatch.com,Male,31.37.247.132
102,Neville,Rowcastle,nrowcastle2t@mapy.cz,Male,125.232.247.99
103,Carlotta,Glander,cglander2u@mtv.com,Female,119.220.70.226
104,Else,Kelinge,ekelinge2v@sphinn.com,Female,137.137.28.235
105,Kissee,Synke,ksynke2w@histats.com,Female,3.27.197.148
106,Tony,Romans,tromans2x@sphinn.com,Agender,43.184.239.27
107,Alecia,MacGeaney,amacgeaney2y@thetimes.co.uk,Polygender,169.220.42.59
108,Quint,Yakubovich,qyakubovich2z@prnewswire.com,Male,114.69.86.170
109,Dewey,Lacoste,dlacoste30@addthis.com,Male,137.230.252.156
110,Cynthea,Fike,cfike31@wunderground.com,Female,236.230.137.40
111,Maryl,Tyt,mtyt32@blogtalkradio.com,Female,193.195.147.205
112,Morrie,Santhouse,msanthouse33@g.co,Male,82.41.91.4
113,Mycah,Koppelmann,mkoppelmann34@taobao.com,Male,89.252.183.161
114,Gearalt,Harme,gharme35@webmd.com,Male,1.15.138.52
115,Corbett,Sumers,csumers36@mozilla.org,Male,79.19.187.47
116,Missy,Nathon,mnathon37@sciencedaily.com,Female,25.144.202.45
117,Cole,Mullord,cmullord38@illinois.edu,Male,121.74.31.217
118,Hyacinthie,Giampietro,hgiampietro39@goo.ne.jp,Genderfluid,250.59.192.55
119,Jerrine,Esposi,jesposi3a@aol.com,Female,170.39.191.53
120,Caro,Bottrill,cbottrill3b@java.com,Female,104.163.75.137
121,Dotty,Guille,dguille3c@dion.ne.jp,Female,6.75.210.197
122,Greg,Camolli,gcamolli3d@artisteer.com,Male,244.105.233.100
123,Kai,Tole,ktole3e@netscape.com,Polygender,61.250.163.98
124,Laurella,Bortolazzi,lbortolazzi3f@accuweather.com,Female,217.151.0.126
125,Marsh,Roscoe,mroscoe3g@sun.com,Male,60.27.25.37
126,Sib,Gylle,sgylle3h@slate.com,Female,9.111.28.207
127,Gnni,McKnockiter,gmcknockiter3i@mac.com,Female,101.91.171.181
128,Kizzie,Isenor,kisenor3j@msn.com,Female,217.24.50.200
129,Tricia,Topley,ttopley3k@dion.ne.jp,Female,190.37.55.187
130,Talbert,Addlestone,taddlestone3l@live.com,Male,147.193.67.159
131,Lelah,Broose,lbroose3m@archive.org,Female,183.86.181.79
132,Kendall,Casale,kcasale3n@shop-pro.jp,Male,228.148.99.166
133,Francoise,Lowrey,flowrey3o@tmall.com,Female,109.176.183.202
134,Ara,Porcas,aporcas3p@twitter.com,Male,205.53.53.50
135,Beulah,Wyllcock,bwyllcock3q@statcounter.com,Female,41.51.90.126
136,Malissa,Andreichik,mandreichik3r@cbsnews.com,Agender,39.252.225.253
137,Beau,McMeeking,bmcmeeking3s@wunderground.com,Male,114.146.5.241
138,Hynda,McCaffrey,hmccaffrey3t@studiopress.com,Female,198.103.200.38
139,Aaron,Favey,afavey3u@ihg.com,Male,170.152.107.104
140,Darryl,Doumerc,ddoumerc3v@sbwire.com,Female,21.54.46.14
141,Leone,Turmall,lturmall3w@posterous.com,Polygender,173.180.182.166
142,Pippy,Stivers,pstivers3x@princeton.edu,Female,237.113.172.222
143,Correna,Ruddoch,cruddoch3y@cdc.gov,Female,219.38.223.171
144,Waldo,Pyrke,wpyrke3z@lulu.com,Male,108.201.16.229
145,Sharleen,Weatherill,sweatherill40@alibaba.com,Female,84.166.220.20
146,Costa,Lanchberry,clanchberry41@slate.com,Male,224.39.5.173
147,Verge,Allanson,vallanson42@indiegogo.com,Male,218.16.188.17
148,Melicent,Weller,mweller43@google.fr,Female,178.237.169.191
149,Neron,Halwell,nhalwell44@apache.org,Male,56.234.231.212
150,Rikki,Tolland,rtolland45@census.gov,Male,197.216.63.50
151,Sadye,Jiroutka,sjiroutka46@csmonitor.com,Female,205.35.65.236
152,Harmonia,Kulvear,hkulvear47@princeton.edu,Female,35.125.97.15
153,Blondie,Brugsma,bbrugsma48@imdb.com,Female,96.0.158.178
154,Marcella,Atkyns,matkyns49@1688.com,Female,62.14.17.203
155,Tedmund,Vamplus,tvamplus4a@1688.com,Male,187.57.159.3
156,Dalston,Kleisel,dkleisel4b@g.co,Male,7.53.239.141
157,Fayth,Eisenberg,feisenberg4c@umich.edu,Female,101.13.248.69
158,Ludovico,Rockcliff,lrockcliff4d@jiathis.com,Male,202.187.196.98
159,Myrvyn,Matkovic,mmatkovic4e@instagram.com,Male,207.124.46.7
160,Joceline,Mc Comb,jmccomb4f@ebay.co.uk,Female,163.27.202.97
161,Inglebert,Sollars,isollars4g@smh.com.au,Male,209.75.221.217
162,Jo,Goudy,jgoudy4h@biblegateway.com,Female,15.95.248.199
163,Brynna,Kauble,bkauble4i@ucla.edu,Female,114.69.43.71
164,Emili,Dinnington,edinnington4j@dailymotion.com,Female,30.151.126.157
165,Alyssa,Chasles,achasles4k@simplemachines.org,Female,195.17.38.233
166,Kyle,Boxell,kboxell4l@earthlink.net,Female,90.199.163.81
167,Elwood,Hutchinson,ehutchinson4m@plala.or.jp,Male,105.135.79.137
168,Stefanie,Washington,swashington4n@house.gov,Female,75.9.80.75
169,Tandi,Downie,tdownie4o@redcross.org,Genderqueer,99.7.230.156
170,Dorothea,Cogin,dcogin4p@hp.com,Non-binary,153.48.246.190
171,Gwenette,Woodberry,gwoodberry4q@opensource.org,Female,28.116.180.252
172,Kay,Trimmill,ktrimmill4r@youtube.com,Female,57.91.197.133
173,Ursulina,Baudin,ubaudin4s@nbcnews.com,Female,238.90.200.161
174,Penny,Oxteby,poxteby4t@simplemachines.org,Male,165.202.127.46
175,Ingelbert,Trumpeter,itrumpeter4u@amazon.co.jp,Male,220.132.178.90
176,Stella,Erb,serb4v@bloglines.com,Female,65.184.209.112
177,Ruprecht,Osgood,rosgood4w@netvibes.com,Male,127.119.4.209
178,Jeni,Quartermain,jquartermain4x@about.me,Female,24.63.150.162
179,Birdie,Birley,bbirley4y@usa.gov,Female,58.54.35.61
180,Toiboid,Hedylstone,thedylstone4z@smugmug.com,Male,31.64.135.120
181,Kareem,Godwyn,kgodwyn50@utexas.edu,Male,203.6.239.193
182,Lebbie,Fonzo,lfonzo51@independent.co.uk,Female,62.3.220.190
183,Emyle,Ebben,eebben52@cbsnews.com,Female,186.136.40.76
184,Helaine,Rozzell,hrozzell53@google.pl,Female,218.246.16.248
185,Lancelot,Kitchin,lkitchin54@redcross.org,Male,175.151.70.10
186,Nora,Kielt,nkielt55@nifty.com,Female,126.36.55.166
187,Phelia,Dineen,pdineen56@accuweather.com,Female,101.138.215.251
188,Jakie,Pail,jpail57@parallels.com,Male,176.124.121.114
189,Silva,Emilien,semilien58@1und1.de,Bigender,195.115.49.3
190,Luciano,Loomis,lloomis59@mail.ru,Male,224.110.132.20
191,Josefina,Guidi,jguidi5a@youtube.com,Female,184.65.175.199
192,Rutter,Clerke,rclerke5b@com.com,Male,23.125.140.223
193,Rickie,Aldie,raldie5c@hibu.com,Male,61.238.69.169
194,Danny,Quirk,dquirk5d@yandex.ru,Male,42.79.177.194
195,Milty,Lamping,mlamping5e@nsw.gov.au,Agender,233.43.126.58
196,Angele,Hacker,ahacker5f@netlog.com,Female,133.252.2.32
197,Decca,Hoyle,dhoyle5g@google.fr,Male,181.197.118.74
198,Markos,Lune,mlune5h@princeton.edu,Male,151.57.24.152
199,Faber,Jablonski,fjablonski5i@feedburner.com,Male,143.190.240.218
200,Fanni,Hedaux,fhedaux5j@addtoany.com,Female,162.193.98.145
201,Even,Ramsier,eramsier5k@si.edu,Male,232.219.221.151
202,Stinky,Keddie,skeddie5l@unc.edu,Male,25.133.75.251
203,Anatola,Surgeon,asurgeon5m@fastcompany.com,Non-binary,74.28.0.203
204,Meredith,Collough,mcollough5n@unesco.org,Male,126.181.35.2
205,Alfy,Fluit,afluit5o@si.edu,Female,140.125.14.27
206,Egan,Davy,edavy5p@examiner.com,Male,249.12.19.35
207,Martino,Gut,mgut5q@symantec.com,Male,52.153.37.57
208,Rosco,Kobu,rkobu5r@hubpages.com,Male,169.183.159.184
209,Darnell,Rouby,drouby5s@house.gov,Male,211.119.185.223
210,Marika,Arniz,marniz5t@elpais.com,Female,51.159.118.19
211,Calli,O'Crevan,cocrevan5u@devhub.com,Female,118.50.250.131
212,Dionis,Jakubovics,djakubovics5v@typepad.com,Female,243.229.13.17
213,Natty,Stapley,nstapley5w@domainmarket.com,Female,106.55.109.255
214,Dorie,Alenov,dalenov5x@paginegialle.it,Male,112.249.219.248
215,Kendall,Clifton,kclifton5y@gravatar.com,Male,45.133.79.240
216,Dacy,Gallear,dgallear5z@google.es,Female,22.177.146.83
217,Ellary,Joynt,ejoynt60@go.com,Male,78.68.30.46
218,Cherilyn,MacCostye,cmaccostye61@unesco.org,Female,129.222.79.63
219,Obie,Carnew,ocarnew62@mapquest.com,Male,204.120.129.79
220,Margarethe,Springham,mspringham63@hibu.com,Female,23.43.111.163
221,Janek,Fist,jfist64@gnu.org,Male,20.248.171.163
222,Evangeline,Somerbell,esomerbell65@tmall.com,Female,38.105.126.144
223,Walden,Lenahan,wlenahan66@mediafire.com,Male,216.103.14.54
224,Della,Coats,dcoats67@so-net.ne.jp,Female,65.246.160.1
225,Kym,Schade,kschade68@uiuc.edu,Female,237.0.122.186
226,Jorrie,Tuley,jtuley69@google.pl,Female,102.247.103.221
227,Jefferson,Battaille,jbattaille6a@acquirethisname.com,Agender,202.39.23.48
228,Ginevra,Brandi,gbrandi6b@imdb.com,Female,102.247.180.125
229,Gale,Meriot,gmeriot6c@disqus.com,Female,250.72.195.182
230,Roberta,Ashard,rashard6d@pbs.org,Female,103.179.144.37
231,Violette,Batram,vbatram6e@theglobeandmail.com,Female,121.175.203.43
232,Blayne,Heggison,bheggison6f@netvibes.com,Genderfluid,158.43.252.130
233,Bobette,Housbie,bhousbie6g@mapy.cz,Female,152.144.68.90
234,Raddie,Diwell,rdiwell6h@360.cn,Male,229.22.224.57
235,Persis,Renachowski,prenachowski6i@walmart.com,Female,125.136.95.56
236,Aleece,Gisburne,agisburne6j@dot.gov,Female,84.190.204.106
237,Kristine,Woodeson,kwoodeson6k@zimbio.com,Female,88.111.240.95
238,Walt,Lowrie,wlowrie6l@fema.gov,Male,207.184.129.241
239,Katlin,Marler,kmarler6m@unc.edu,Female,103.178.97.207
240,Aveline,Trewhela,atrewhela6n@businesswire.com,Female,51.216.8.193
241,Rance,Hattersley,rhattersley6o@domainmarket.com,Male,119.73.192.244
242,Beulah,McLese,bmclese6p@nature.com,Polygender,82.252.3.161
243,Evie,Alan,ealan6q@census.gov,Female,98.15.142.42
244,Dyanna,Chotty,dchotty6r@shop-pro.jp,Female,10.21.68.117
245,Minnaminnie,Raspin,mraspin6s@mapy.cz,Bigender,193.227.255.72
246,Marigold,Fairchild,mfairchild6t@miibeian.gov.cn,Female,140.192.212.164
247,Lenard,Lorentz,llorentz6u@wisc.edu,Male,61.96.66.128
248,Vere,Hacon,vhacon6v@macromedia.com,Female,169.233.184.14
249,Tabbi,Kroger,tkroger6w@washington.edu,Female,18.45.126.76
250,Sarena,Havik,shavik6x@hugedomains.com,Female,47.13.74.117
251,Lamar,McKue,lmckue6y@blinklist.com,Male,74.33.204.185
252,Garwood,Quartly,gquartly6z@apple.com,Bigender,90.85.25.122
253,Erie,Goldston,egoldston70@scientificamerican.com,Male,143.23.132.107
254,Philippine,Gimert,pgimert71@cdbaby.com,Female,222.38.3.74
255,Jean,Bortoletti,jbortoletti72@instagram.com,Male,151.169.215.10
256,Rainer,Mewe,rmewe73@nps.gov,Bigender,215.227.78.80
257,Kliment,Murford,kmurford74@timesonline.co.uk,Male,53.147.208.227
258,Walther,Szubert,wszubert75@nasa.gov,Male,22.67.250.31
259,Natal,Orpwood,norpwood76@facebook.com,Male,149.161.138.122
260,Farrah,Sivier,fsivier77@latimes.com,Female,35.132.36.80
261,Danie,Greenrodd,dgreenrodd78@51.la,Male,22.251.9.254
262,Hal,Puddicombe,hpuddicombe79@shutterfly.com,Agender,22.135.111.195
263,Allin,Howlings,ahowlings7a@fotki.com,Male,156.131.87.234
264,Marline,Lorait,mlorait7b@live.com,Female,183.156.115.63
265,Brennen,Soames,bsoames7c@mayoclinic.com,Non-binary,154.133.79.194
266,Catharina,Demangeot,cdemangeot7d@jugem.jp,Female,74.224.151.124
267,Nealson,Lightning,nlightning7e@canalblog.com,Male,208.234.177.34
268,Cindie,Kollaschek,ckollaschek7f@geocities.jp,Female,185.216.13.251
269,Francis,Edwick,fedwick7g@buzzfeed.com,Male,9.127.170.10
270,Tait,Saynor,tsaynor7h@ox.ac.uk,Male,104.214.23.2
271,Kerstin,Duckerin,kduckerin7i@geocities.com,Female,181.184.207.72
272,Hill,Mullarkey,hmullarkey7j@diigo.com,Male,214.26.87.145
273,Livvyy,Judron,ljudron7k@flickr.com,Female,92.116.29.63
274,Kessia,Wasiela,kwasiela7l@joomla.org,Female,28.28.128.119
275,Ladonna,Maidlow,lmaidlow7m@nasa.gov,Female,205.213.109.24
276,Madella,Fried,mfried7n@house.gov,Female,55.54.153.244
277,Pegeen,Fursey,pfursey7o@apple.com,Female,238.216.136.229
278,Bunnie,Ferrieres,bferrieres7p@dot.gov,Female,95.15.17.139
279,Avivah,Boaler,aboaler7q@prweb.com,Female,139.252.172.180
280,Joelie,Kingsley,jkingsley7r@homestead.com,Genderqueer,17.235.3.187
281,Mellicent,Cuschieri,mcuschieri7s@de.vu,Female,239.162.130.184
282,Dory,Cleverley,dcleverley7t@ocn.ne.jp,Female,170.158.203.207
283,Dan,Dewen,ddewen7u@163.com,Male,164.183.99.195
284,Celestyna,Hapgood,chapgood7v@shinystat.com,Female,54.93.148.167
285,Stoddard,Levin,slevin7w@acquirethisname.com,Female,6.225.147.54
286,Hestia,Tolworth,htolworth7x@taobao.com,Female,171.114.63.143
287,Dante,Swannie,dswannie7y@walmart.com,Male,92.157.47.227
288,Hube,Elwyn,helwyn7z@hhs.gov,Male,132.208.235.8
289,Esther,Barrowcliffe,ebarrowcliffe80@noaa.gov,Female,128.99.36.175
290,Clotilda,Cantrell,ccantrell81@blogtalkradio.com,Non-binary,200.65.108.136
291,Delano,Casa,dcasa82@mayoclinic.com,Male,180.65.16.0
292,Roldan,Cleverly,rcleverly83@noaa.gov,Male,24.30.155.100
293,Chariot,Erwin,cerwin84@lycos.com,Male,163.67.102.223
294,Ruperta,Hubach,rhubach85@ft.com,Female,230.251.201.164
295,Kingsly,Henze,khenze86@weebly.com,Male,116.245.33.121
296,Warren,Videneev,wvideneev87@ucsd.edu,Male,149.217.175.177
297,Robena,Whitaker,rwhitaker88@prweb.com,Female,253.29.172.35
298,Steffie,Scatcher,sscatcher89@chron.com,Non-binary,130.91.234.226
299,Scotty,Devonald,sdevonald8a@goodreads.com,Male,82.142.130.195
300,Maddie,Glazer,mglazer8b@shareasale.com,Female,23.78.235.173
301,Caro,Laver,claver8c@jalbum.net,Female,190.102.8.200
302,Yank,Sarvar,ysarvar8d@jimdo.com,Male,53.150.37.27
303,Deb,O'Geneay,dogeneay8e@boston.com,Female,6.125.59.10
304,Joe,Weathers,jweathers8f@desdev.cn,Agender,187.86.148.116
305,Florencia,Popland,fpopland8g@msu.edu,Agender,169.234.129.82
306,Weidar,Presnail,wpresnail8h@huffingtonpost.com,Male,81.52.129.106
307,Tull,Linstead,tlinstead8i@hexun.com,Male,4.10.62.42
308,Erv,De Ruggero,ederuggero8j@purevolume.com,Male,112.110.196.243
309,Maury,Cornejo,mcornejo8k@reference.com,Male,80.229.188.27
310,Flem,Killeley,fkilleley8l@altervista.org,Male,175.180.209.82
311,Doralynne,Karpeev,dkarpeev8m@linkedin.com,Female,86.75.69.69
312,Jarad,Huncote,jhuncote8n@reference.com,Non-binary,155.93.170.133
313,Saundra,Bettenay,sbettenay8o@163.com,Male,78.32.59.234
314,Karoline,Gilyatt,kgilyatt8p@bluehost.com,Female,125.98.242.135
315,Butch,Cadigan,bcadigan8q@unesco.org,Male,142.192.65.234
316,Olivero,Wittke,owittke8r@desdev.cn,Male,97.128.12.237
317,Joby,Sainz,jsainz8s@storify.com,Female,194.31.20.71
318,Dorie,Savery,dsavery8t@ucoz.ru,Female,112.125.8.150
319,Jessamyn,Lewer,jlewer8u@google.co.uk,Female,118.3.29.238
320,Pinchas,Jarratt,pjarratt8v@vimeo.com,Male,164.144.70.221
321,Micaela,Kinforth,mkinforth8w@uiuc.edu,Female,13.108.88.187
322,Eberhard,Bradfield,ebradfield8x@4shared.com,Agender,181.93.230.196
323,Willabella,Durden,wdurden8y@chicagotribune.com,Female,26.240.255.34
324,Tanner,Edland,tedland8z@printfriendly.com,Bigender,56.198.248.171
325,Layton,Wharby,lwharby90@sphinn.com,Male,45.74.212.147
326,Clayborn,Wisden,cwisden91@nature.com,Male,248.54.0.34
327,Mendy,Gate,mgate92@drupal.org,Male,210.54.5.46
328,Logan,Ordemann,lordemann93@vkontakte.ru,Male,141.25.60.237
329,Loraine,Brosetti,lbrosetti94@sourceforge.net,Bigender,32.245.142.250
330,Andee,Pringour,apringour95@ow.ly,Female,185.77.36.32
331,Abram,Magne,amagne96@eepurl.com,Male,240.128.102.37
332,Casey,Chipperfield,cchipperfield97@nps.gov,Male,60.194.26.61
333,Britt,McKirton,bmckirton98@ask.com,Male,220.83.107.249
334,Eugenia,Brion,ebrion99@woothemes.com,Female,238.83.253.27
335,Essy,Eadington,eeadington9a@people.com.cn,Female,44.10.94.184
336,Aurthur,Dangl,adangl9b@amazon.de,Male,86.118.124.228
337,Arel,McGrady,amcgrady9c@discuz.net,Male,215.162.122.7
338,Vincent,Alliberton,valliberton9d@fc2.com,Male,76.153.237.137
339,Suki,Keeltagh,skeeltagh9e@parallels.com,Female,233.87.206.45
340,Urbano,Salmoni,usalmoni9f@microsoft.com,Male,33.241.57.143
341,Chere,Petrillo,cpetrillo9g@sun.com,Female,130.4.204.253
342,Cherise,Dodding,cdodding9h@sourceforge.net,Female,37.239.97.186
343,Aggi,Ronisch,aronisch9i@nytimes.com,Female,139.123.254.83
344,Therese,Lindhe,tlindhe9j@mayoclinic.com,Female,174.123.29.97
345,Rudy,Ryles,rryles9k@imageshack.us,Male,224.94.38.229
346,Johnath,Shears,jshears9l@fc2.com,Agender,42.58.139.163
347,Waring,Buckie,wbuckie9m@wiley.com,Male,3.32.53.136
348,Jeanette,Darco,jdarco9n@cdbaby.com,Female,143.7.10.252
349,Kin,Lacy,klacy9o@msn.com,Male,208.118.26.148
350,Urbanus,Benion,ubenion9p@istockphoto.com,Genderqueer,130.200.112.72
351,Conchita,Adao,cadao9q@amazon.co.jp,Female,233.14.32.81
352,Gradeigh,Bohike,gbohike9r@rediff.com,Male,236.161.64.120
353,Anet,Gimeno,agimeno9s@e-recht24.de,Female,75.150.62.47
354,Judy,Meas,jmeas9t@disqus.com,Female,72.178.242.156
355,Steffane,Burrass,sburrass9u@yelp.com,Female,252.35.77.255
356,Ceil,Cubbin,ccubbin9v@hostgator.com,Female,241.199.169.48
357,Astrid,Jennick,ajennick9w@aol.com,Female,66.41.115.61
358,Allis,Mellody,amellody9x@4shared.com,Female,211.102.59.26
359,Jordanna,Heims,jheims9y@businessweek.com,Female,245.139.248.154
360,Cirilo,Deveral,cdeveral9z@google.nl,Male,232.34.116.0
361,Cosimo,Besque,cbesquea0@newyorker.com,Male,2.103.85.199
362,Berni,Gillbanks,bgillbanksa1@google.ca,Female,196.117.121.31
363,Dede,Sanderson,dsandersona2@meetup.com,Female,87.100.57.77
364,Friedrich,Beverstock,fbeverstocka3@springer.com,Male,79.174.95.178
365,Germaine,Sandell,gsandella4@psu.edu,Female,204.60.161.130
366,Estevan,Threadgill,ethreadgilla5@nydailynews.com,Male,176.41.230.11
367,Connie,Cisson,ccissona6@virginia.edu,Female,230.189.28.147
368,Javier,Jarritt,jjarritta7@google.co.uk,Male,89.145.14.191
369,Stefano,Taaffe,staaffea8@scribd.com,Male,161.80.85.237
370,Aindrea,Findon,afindona9@reference.com,Female,11.243.113.174
371,Adriana,Ciccottini,aciccottiniaa@skype.com,Female,69.145.24.234
372,Thedrick,Fisby,tfisbyab@tinypic.com,Male,130.223.8.69
373,Alexander,Bushill,abushillac@netlog.com,Male,245.12.78.248
374,Nero,Dawley,ndawleyad@cisco.com,Male,107.152.50.223
375,Madeline,Galbreath,mgalbreathae@vkontakte.ru,Female,231.86.233.165
376,Ephrem,McGilvra,emcgilvraaf@goo.gl,Male,12.48.226.7
377,Conant,Cosslett,ccosslettag@phoca.cz,Male,223.128.30.233
378,Gerard,Gonnel,ggonnelah@youku.com,Male,1.81.84.54
379,Noby,De Freyne,ndefreyneai@dagondesign.com,Agender,129.34.42.38
380,Reeba,Yuranovev,ryuranovevaj@phoca.cz,Female,138.184.68.146
381,Desdemona,Foulstone,dfoulstoneak@jalbum.net,Female,68.166.110.50
382,Letitia,Summersett,lsummersettal@nih.gov,Bigender,229.28.187.141
383,Sal,Fossey,sfosseyam@marriott.com,Male,32.88.72.71
384,Aurthur,Mendenhall,amendenhallan@barnesandnoble.com,Male,33.117.75.49
385,Harley,Pressdee,hpressdeeao@ezinearticles.com,Male,176.154.192.135
386,Ives,Vidloc,ividlocap@51.la,Genderqueer,153.191.108.215
387,Emanuele,Gosney,egosneyaq@last.fm,Male,97.154.99.96
388,Kahaleel,Rushman,krushmanar@tripod.com,Male,200.252.108.12
389,Cletus,Ancliffe,cancliffeas@answers.com,Male,61.140.79.111
390,Kata,Margarson,kmargarsonat@t-online.de,Female,23.20.67.237
391,Kalli,Guerre,kguerreau@toplist.cz,Female,56.210.75.107
392,Genni,ducarme,gducarmeav@ifeng.com,Female,136.136.168.62
393,Georgie,Soughton,gsoughtonaw@tuttocitta.it,Male,230.48.169.168
394,Wait,Mitchiner,wmitchinerax@unblog.fr,Male,88.6.216.193
395,Willy,Dugget,wduggetay@sina.com.cn,Male,229.6.144.117
396,Darnall,Clift,dcliftaz@imgur.com,Male,117.224.28.5
397,Cole,Deeley,cdeeleyb0@cnet.com,Male,244.108.225.248
398,Carver,Ring,cringb1@amazonaws.com,Male,157.3.179.250
399,Danell,Keaton,dkeatonb2@naver.com,Female,76.133.240.160
400,Ricky,Edmands,redmandsb3@house.gov,Female,175.117.193.182
401,Richard,Insall,rinsallb4@google.it,Male,225.34.16.74
402,Doug,Bathowe,dbathoweb5@paypal.com,Male,119.29.19.235
403,Fitzgerald,Espy,fespyb6@slashdot.org,Male,172.120.10.23
404,Lawrence,Onions,lonionsb7@cbslocal.com,Male,202.47.231.79
405,Nolie,Roumier,nroumierb8@squidoo.com,Female,4.49.33.63
406,Bernelle,Bathowe,bbathoweb9@hostgator.com,Female,124.249.143.109
407,Ramon,Purser,rpurserba@domainmarket.com,Agender,127.64.77.205
408,Daniel,Aucutt,daucuttbb@freewebs.com,Male,122.181.31.91
409,Sashenka,McCusker,smccuskerbc@rakuten.co.jp,Female,165.251.116.135
410,Skelly,Ballentime,sballentimebd@jugem.jp,Male,252.1.131.131
411,Ruthanne,Runham,rrunhambe@pinterest.com,Polygender,248.152.237.240
412,Karia,Klink,kklinkbf@eepurl.com,Female,239.231.105.160
413,Thane,Betun,tbetunbg@ovh.net,Male,169.168.155.105
414,Goraud,Blackburn,gblackburnbh@tmall.com,Male,235.162.55.54
415,Fianna,Winckle,fwincklebi@lycos.com,Female,189.30.68.60
416,Dick,Coners,dconersbj@patch.com,Male,235.118.167.95
417,Isabeau,Gherardini,igherardinibk@addtoany.com,Female,115.94.113.240
418,Bentlee,Djurkovic,bdjurkovicbl@nyu.edu,Male,165.160.135.101
419,Terrence,Bolsover,tbolsoverbm@slate.com,Bigender,51.237.253.61
420,Glendon,Paolacci,gpaolaccibn@jugem.jp,Male,194.134.213.39
421,Dexter,Wicken,dwickenbo@photobucket.com,Male,118.126.228.6
422,Reade,Garrie,rgarriebp@weibo.com,Male,225.133.208.208
423,Ibby,Berkelay,iberkelaybq@answers.com,Female,208.226.176.178
424,Nilson,Demare,ndemarebr@furl.net,Male,74.126.110.238
425,Daryn,Jennrich,djennrichbs@simplemachines.org,Female,218.134.36.20
426,Cyrus,Christall,cchristallbt@ibm.com,Genderfluid,79.216.166.253
427,Barrie,Ollie,bolliebu@businessweek.com,Female,183.82.56.6
428,Josy,Crimin,jcriminbv@dmoz.org,Female,49.254.18.143
429,Faustine,Masterton,fmastertonbw@ebay.com,Female,119.164.226.161
430,Brandyn,Gerholz,bgerholzbx@purevolume.com,Male,56.252.1.218
431,Margarethe,Gritland,mgritlandby@hp.com,Female,227.75.113.110
432,Lillis,Lightowlers,llightowlersbz@mlb.com,Female,172.153.146.118
433,Marvin,MacParlan,mmacparlanc0@paginegialle.it,Male,80.107.225.237
434,Jada,Ofer,joferc1@statcounter.com,Female,199.144.12.109
435,Claus,Feighry,cfeighryc2@cornell.edu,Male,78.127.183.150
436,Moise,Grubb,mgrubbc3@jugem.jp,Male,241.168.156.80
437,Bryna,Hansie,bhansiec4@livejournal.com,Female,155.210.157.207
438,Milka,Farfull,mfarfullc5@usda.gov,Female,75.133.230.76
439,Perrine,Dagon,pdagonc6@tmall.com,Female,36.235.238.232
440,Gertrude,Chilver,gchilverc7@myspace.com,Female,249.163.119.43
441,Jeannine,Marriner,jmarrinerc8@walmart.com,Female,83.46.12.121
442,Rafe,Coatsworth,rcoatsworthc9@disqus.com,Male,132.143.197.62
443,Fay,Geraudel,fgeraudelca@ox.ac.uk,Female,33.188.47.71
444,Bastian,Rojel,brojelcb@stanford.edu,Male,198.16.3.79
445,Karleen,Cattlow,kcattlowcc@home.pl,Female,122.94.125.119
446,Dorian,Aarons,daaronscd@blogtalkradio.com,Male,153.127.90.61
447,Zed,Gladdifh,zgladdifhce@yahoo.co.jp,Male,39.248.128.128
448,Raul,Bransom,rbransomcf@cargocollective.com,Male,228.104.90.129
449,Vivyanne,Peevor,vpeevorcg@dion.ne.jp,Female,51.115.50.12
450,Reagen,Flea,rfleach@umich.edu,Male,34.82.73.32
451,Etta,Wombwell,ewombwellci@cnn.com,Female,22.94.202.124
452,Bev,Meas,bmeascj@state.gov,Female,151.80.159.34
453,Charita,Augar,caugarck@pinterest.com,Female,40.95.33.200
454,Reggis,Jovovic,rjovoviccl@oakley.com,Male,29.47.13.173
455,Lynnette,Hannon,lhannoncm@ft.com,Female,234.89.253.136
456,Hiram,Adamsky,hadamskycn@a8.net,Male,25.216.191.214
457,Anette,Rickertsen,arickertsenco@patch.com,Female,195.82.14.139
458,Melania,Simonyi,msimonyicp@va.gov,Female,251.182.183.197
459,Vivia,Comar,vcomarcq@prweb.com,Female,86.96.246.4
460,Archambault,Thorsen,athorsencr@geocities.jp,Male,2.50.181.96
461,Tally,Kedslie,tkedsliecs@bing.com,Female,21.167.30.78
462,Selina,Dri,sdrict@tmall.com,Female,233.224.156.207
463,Lurleen,Leibold,lleiboldcu@ca.gov,Female,45.23.127.123
464,Lamont,Knatt,lknattcv@webeden.co.uk,Male,72.45.239.107
465,Hamel,Clelle,hclellecw@baidu.com,Male,150.122.133.240
466,Tedd,Wilgar,twilgarcx@altervista.org,Polygender,40.172.170.28
467,Laurie,Stoate,lstoatecy@pagesperso-orange.fr,Male,61.235.157.76
468,Diena,Fradgley,dfradgleycz@cbsnews.com,Female,55.183.170.243
469,Dorthea,Brandreth,dbrandrethd0@t.co,Female,108.130.191.221
470,Stephana,Geerits,sgeeritsd1@bandcamp.com,Female,45.221.210.35
471,Efrem,Bohills,ebohillsd2@elegantthemes.com,Male,212.10.183.2
472,Russell,Tolhurst,rtolhurstd3@wikispaces.com,Male,249.190.138.83
473,Alis,Kinleyside,akinleysided4@nsw.gov.au,Female,176.187.216.118
474,Tommy,Sinderland,tsinderlandd5@utexas.edu,Male,85.11.22.114
475,Felic,Mehaffey,fmehaffeyd6@spiegel.de,Male,17.174.118.111
476,Saxon,Michurin,smichurind7@odnoklassniki.ru,Male,65.49.144.116
477,Marlo,Ajsik,majsikd8@e-recht24.de,Female,47.202.235.6
478,Margo,Bentz,mbentzd9@wordpress.com,Female,107.224.42.36
479,Adriana,Varey,avareyda@sciencedirect.com,Agender,152.183.100.26
480,Mile,Creffeild,mcreffeilddb@wufoo.com,Male,120.147.234.7
481,Gena,Elesander,gelesanderdc@youku.com,Female,15.143.70.57
482,Reinald,Chezelle,rchezelledd@vkontakte.ru,Male,230.54.8.36
483,Kipper,Bugdell,kbugdellde@t-online.de,Male,127.109.106.132
484,Ty,Crumbie,tcrumbiedf@mozilla.org,Male,46.236.69.41
485,Bill,Canland,bcanlanddg@cnn.com,Male,96.249.46.220
486,Johnny,Hinder,jhinderdh@google.com.br,Non-binary,237.172.251.213
487,Kennie,Niese,kniesedi@fema.gov,Male,62.206.220.81
488,Franny,Crielly,fcriellydj@printfriendly.com,Male,12.60.112.21
489,Kale,Aizikovitz,kaizikovitzdk@mapquest.com,Male,136.218.166.253
490,Tate,Ruthven,truthvendl@odnoklassniki.ru,Bigender,119.1.42.159
491,Cordy,Glamart,cglamartdm@usnews.com,Male,42.13.19.167
492,Madalena,McKinnon,mmckinnondn@craigslist.org,Female,177.6.120.159
493,Sammy,Gerald,sgeralddo@census.gov,Male,175.159.113.30
494,Reinaldo,Murrish,rmurrishdp@icq.com,Male,125.182.199.252
495,Walther,Hallet,whalletdq@hugedomains.com,Male,135.0.75.243
496,Casie,Eates,ceatesdr@mail.ru,Female,188.186.24.21
497,Rainer,Gammell,rgammellds@baidu.com,Non-binary,218.121.64.157
498,Val,Winnister,vwinnisterdt@redcross.org,Genderqueer,168.243.46.9
499,Alfredo,Joul,ajouldu@uiuc.edu,Male,102.208.134.138
500,Joelle,Light,jlightdv@businesswire.com,Female,244.195.220.65
501,Bertie,Ladyman,bladymandw@amazonaws.com,Genderfluid,111.248.183.99
502,Dorey,Karleman,dkarlemandx@flickr.com,Male,253.111.56.227
503,Marlena,Trounson,mtrounsondy@elpais.com,Genderfluid,44.133.159.191
504,Albrecht,Pocknoll,apocknolldz@technorati.com,Male,26.171.164.156
505,Bud,Bogey,bbogeye0@quantcast.com,Bigender,181.125.172.187
506,Johnnie,Zanassi,jzanassie1@npr.org,Bigender,156.242.178.150
507,Meriel,Daton,mdatone2@jimdo.com,Female,158.201.122.211
508,Rudiger,Canero,rcaneroe3@cbc.ca,Male,223.154.114.104
509,Sigismundo,Elleyne,selleynee4@go.com,Male,42.153.47.209
510,Roxine,Sturt,rsturte5@aol.com,Female,2.253.129.62
511,Nertie,Graalman,ngraalmane6@npr.org,Female,94.185.253.5
512,Jorie,Sibley,jsibleye7@ebay.com,Female,203.137.55.198
513,Cristi,Botton,cbottone8@4shared.com,Female,208.125.250.236
514,Sada,Sturr,ssturre9@linkedin.com,Female,240.11.176.17
515,Siusan,Caccavale,scaccavaleea@nifty.com,Female,222.197.11.198
516,Joseito,Gynne,jgynneeb@wired.com,Male,7.151.139.150
517,Davy,Kernar,dkernarec@cnet.com,Male,147.22.170.138
518,Lothaire,Effaunt,leffaunted@ustream.tv,Male,39.201.209.135
519,Goldy,Rumbellow,grumbellowee@rediff.com,Female,196.172.217.162
520,Dehlia,Dobie,ddobieef@samsung.com,Female,198.145.241.231
521,Franciska,Roubeix,froubeixeg@paypal.com,Non-binary,53.59.52.110
522,Gris,Scrimgeour,gscrimgeoureh@apache.org,Male,43.127.134.176
523,Tarrah,Speake,tspeakeei@spotify.com,Female,70.207.47.146
524,Emery,Pipworth,epipworthej@jigsy.com,Male,118.162.91.233
525,Chickie,Josefsen,cjosefsenek@geocities.com,Female,212.239.124.173
526,Erny,St Quenin,estqueninel@time.com,Male,63.249.166.11
527,Winthrop,Soutter,wsoutterem@edublogs.org,Male,208.1.116.31
528,Florina,Lewton,flewtonen@kickstarter.com,Female,136.88.147.111
529,Carroll,Sumnall,csumnalleo@illinois.edu,Female,236.175.48.103
530,Tessie,Izacenko,tizacenkoep@a8.net,Female,158.188.187.134
531,Davin,Davidou,ddavidoueq@umn.edu,Male,30.245.50.150
532,Mikkel,Ahrendsen,mahrendsener@fda.gov,Male,42.206.207.131
533,Jill,Presdie,jpresdiees@wikia.com,Female,198.69.244.15
534,Gallard,Anstie,ganstieet@slate.com,Male,47.247.230.83
535,Karlis,Barrie,kbarrieeu@smh.com.au,Male,195.7.55.92
536,Trixie,Scothorn,tscothornev@shutterfly.com,Female,209.15.161.190
537,Alissa,McCudden,amccuddenew@oaic.gov.au,Female,110.146.59.188
538,Shawn,Danick,sdanickex@github.io,Male,138.194.41.126
539,Alonso,Dowe,adoweey@wikia.com,Male,150.181.233.57
540,Kenneth,Leipold,kleipoldez@loc.gov,Male,107.246.146.5
541,Cornie,Widdop,cwiddopf0@free.fr,Male,28.105.248.109
542,Martyn,Springle,mspringlef1@tiny.cc,Male,101.211.95.50
543,Bliss,Ketteringham,bketteringhamf2@livejournal.com,Female,67.126.108.108
544,Flora,Romagnosi,fromagnosif3@redcross.org,Female,16.173.186.87
545,Abby,Ebbers,aebbersf4@symantec.com,Male,82.82.113.148
546,Chevalier,Bichard,cbichardf5@sciencedaily.com,Male,248.123.223.204
547,Mollie,Seilmann,mseilmannf6@edublogs.org,Female,196.123.158.102
548,Rolf,Fortey,rforteyf7@ed.gov,Male,123.138.229.203
549,Nowell,Dinse,ndinsef8@sina.com.cn,Male,135.82.251.164
550,Terri-jo,Piggrem,tpiggremf9@archive.org,Female,146.149.233.255
551,Arlen,Radloff,aradlofffa@weebly.com,Female,57.139.42.251
552,Herc,Gleder,hglederfb@wiley.com,Male,69.150.185.105
553,Giulietta,Cary,gcaryfc@digg.com,Female,224.126.131.36
554,Barbette,Issett,bissettfd@360.cn,Female,208.155.235.143
555,Glenn,Reubens,greubensfe@utexas.edu,Male,81.110.32.105
556,Karla,Sowten,ksowtenff@flavors.me,Female,89.179.136.202
557,Welsh,Carlile,wcarlilefg@delicious.com,Male,211.10.174.141
558,Nickolai,Swinney,nswinneyfh@china.com.cn,Male,126.38.22.33
559,Laraine,Licas,llicasfi@webs.com,Female,33.180.93.166
560,Iormina,Mauditt,imaudittfj@google.co.jp,Female,117.249.181.14
561,Marshall,Kalinke,mkalinkefk@sina.com.cn,Male,2.243.44.213
562,Ranee,Goligher,rgoligherfl@disqus.com,Female,102.82.113.31
563,Lorelei,Hammand,lhammandfm@addthis.com,Female,95.122.172.62
564,Dorine,Dolle,ddollefn@sciencedirect.com,Female,227.127.247.232
565,Karine,Winson,kwinsonfo@reference.com,Genderfluid,201.217.185.133
566,Waldon,Sickert,wsickertfp@mayoclinic.com,Male,172.110.44.38
567,Marcie,Wickersham,mwickershamfq@microsoft.com,Female,101.90.207.51
568,Brenn,Howsden,bhowsdenfr@lulu.com,Non-binary,244.176.156.126
569,Asa,Phinnis,aphinnisfs@pen.io,Male,185.50.120.127
570,Domenico,Bowen,dbowenft@jiathis.com,Male,94.94.113.0
571,Dot,Fergusson,dfergussonfu@smh.com.au,Female,31.171.241.118
572,Reese,Willatt,rwillattfv@oaic.gov.au,Male,174.35.178.208
573,Peyton,Munkley,pmunkleyfw@issuu.com,Genderfluid,10.176.134.179
574,Katine,McPeck,kmcpeckfx@kickstarter.com,Female,212.128.221.57
575,Mab,Hames,mhamesfy@istockphoto.com,Female,252.23.86.66
576,Hedi,Trask,htraskfz@foxnews.com,Non-binary,46.200.135.186
577,Vail,Nudds,vnuddsg0@exblog.jp,Male,156.50.75.255
578,Querida,McGivena,qmcgivenag1@webs.com,Female,194.181.210.0
579,Penny,Mallinson,pmallinsong2@cnet.com,Female,132.38.172.26
580,Moll,Monier,mmonierg3@google.com.hk,Non-binary,169.8.215.134
581,Kirby,Doul,kdoulg4@tiny.cc,Female,74.53.63.7
582,Halette,Jorgensen,hjorgenseng5@chicagotribune.com,Female,104.118.218.166
583,Giavani,McCambrois,gmccambroisg6@dailymotion.com,Male,10.94.81.198
584,Cully,Sprowell,csprowellg7@dropbox.com,Male,143.169.209.145
585,Tamarah,Garnett,tgarnettg8@gravatar.com,Polygender,74.203.61.179
586,Vitoria,Heatherington,vheatheringtong9@hud.gov,Female,72.95.153.106
587,Catarina,Diehn,cdiehnga@amazon.co.jp,Female,200.68.63.190
588,Brynn,Etchell,betchellgb@wiley.com,Polygender,96.207.24.251
589,Drake,Aldham,daldhamgc@uiuc.edu,Male,208.173.95.90
590,Bevon,Leggon,bleggongd@gmpg.org,Male,137.76.47.169
591,Alexandros,Joutapavicius,ajoutapaviciusge@arizona.edu,Male,88.25.211.243
592,Rozele,Suero,rsuerogf@go.com,Genderqueer,56.57.241.133
593,Jaye,Sloat,jsloatgg@irs.gov,Male,89.125.217.105
594,Genevra,O'Scollee,goscolleegh@seattletimes.com,Female,245.154.239.159
595,Myriam,Chasles,mchaslesgi@dedecms.com,Female,138.76.199.176
596,Hersch,Stenhouse,hstenhousegj@soundcloud.com,Male,255.23.89.124
597,Sadie,Kleinplac,skleinplacgk@merriam-webster.com,Female,107.192.150.126
598,Artemis,MacAllan,amacallangl@google.com.au,Male,203.99.210.212
599,Kassie,Fitch,kfitchgm@fastcompany.com,Female,137.170.147.188
600,Cordelia,Doddridge,cdoddridgegn@upenn.edu,Female,35.59.55.77
601,Leupold,Nares,lnaresgo@mtv.com,Male,198.7.141.207
602,Madalena,Dibsdale,mdibsdalegp@pinterest.com,Female,194.197.123.203
603,Faustina,Adamsen,fadamsengq@cargocollective.com,Female,214.91.66.167
604,Rudyard,Mc Comb,rmccombgr@cdc.gov,Male,246.4.91.204
605,Trish,Peedell,tpeedellgs@apple.com,Female,100.193.177.113
606,Cissy,Lupton,cluptongt@reverbnation.com,Female,229.149.129.123
607,Abramo,Adicot,aadicotgu@cargocollective.com,Male,18.139.45.246
608,Querida,O' Brian,qobriangv@fema.gov,Female,173.29.241.171
609,Reggie,Earengey,rearengeygw@timesonline.co.uk,Female,138.23.64.151
610,Alli,Gabbot,agabbotgx@answers.com,Female,238.216.87.9
611,Harri,Helm,hhelmgy@reverbnation.com,Non-binary,132.169.248.203
612,Artemus,Bengochea,abengocheagz@abc.net.au,Male,162.73.157.166
613,Rochell,Hargrove,rhargroveh0@toplist.cz,Female,189.15.135.43
614,Gaile,Lytell,glytellh1@cnn.com,Male,167.150.90.78
615,Vail,Gunney,vgunneyh2@parallels.com,Male,139.148.11.144
616,Chiquita,MacMearty,cmacmeartyh3@yahoo.co.jp,Female,28.238.78.135
617,Marlin,True,mtrueh4@liveinternet.ru,Male,105.11.233.205
618,Mohammed,Meric,mmerich5@examiner.com,Male,85.176.52.251
619,Portia,Fitzpayn,pfitzpaynh6@1688.com,Genderfluid,107.65.147.87
620,Eulalie,Ferrotti,eferrottih7@google.de,Female,233.98.96.152
621,Emmalee,Martelet,emarteleth8@biglobe.ne.jp,Female,28.232.246.120
622,Aubrey,McOnie,amconieh9@tiny.cc,Male,144.167.75.109
623,Homere,Marciskewski,hmarciskewskiha@sciencedirect.com,Male,95.45.219.81
624,Salomo,Bryett,sbryetthb@ebay.co.uk,Male,129.87.183.27
625,Dory,Ockland,docklandhc@webeden.co.uk,Male,49.20.161.207
626,Dorice,Yusupov,dyusupovhd@gravatar.com,Female,27.98.88.198
627,Alissa,Ericsson,aericssonhe@huffingtonpost.com,Female,132.245.111.189
628,Granny,Acuna,gacunahf@unblog.fr,Male,142.242.124.82
629,Alla,Canario,acanariohg@istockphoto.com,Female,251.73.128.51
630,Gracia,Holehouse,gholehousehh@skype.com,Female,34.124.254.191
631,Christoffer,Mulvihill,cmulvihillhi@symantec.com,Male,193.83.30.40
632,Winonah,Marriner,wmarrinerhj@weebly.com,Female,121.74.69.40
633,Dodi,Talby,dtalbyhk@miitbeian.gov.cn,Female,26.120.144.15
634,Ollie,Grahlman,ograhlmanhl@about.com,Polygender,158.63.92.66
635,Gui,Antyshev,gantyshevhm@shop-pro.jp,Female,157.124.211.246
636,Rusty,Wearing,rwearinghn@unc.edu,Male,20.141.177.49
637,Efren,Tinker,etinkerho@mtv.com,Male,94.162.179.247
638,Ettie,Kelloway,ekellowayhp@oakley.com,Female,4.235.185.96
639,Madison,Scarfe,mscarfehq@blinklist.com,Male,253.182.244.243
640,Miltie,Nisbet,mnisbethr@ucsd.edu,Male,141.160.181.127
641,Tiffani,Haruard,tharuardhs@wsj.com,Female,71.181.171.16
642,Vincenz,Pargeter,vpargeterht@github.com,Male,142.174.197.249
643,Leroi,Sivior,lsiviorhu@weebly.com,Male,254.133.165.157
644,Pierrette,Fortey,pforteyhv@myspace.com,Female,2.127.140.161
645,Jenny,Graveson,jgravesonhw@craigslist.org,Genderfluid,33.79.128.21
646,Maxi,Balls,mballshx@chron.com,Female,66.220.122.11
647,Natalee,Dursley,ndursleyhy@comcast.net,Female,56.201.132.206
648,Moreen,Beall,mbeallhz@uol.com.br,Female,61.149.19.160
649,Townsend,Pavelka,tpavelkai0@discuz.net,Male,239.18.152.39
650,Filmore,Hailes,fhailesi1@stumbleupon.com,Male,202.24.201.53
651,Bridget,Pritty,bprittyi2@wp.com,Female,171.139.219.198
652,Fran,Cottrill,fcottrilli3@un.org,Female,139.72.180.90
653,Federico,Upshall,fupshalli4@wikipedia.org,Male,75.131.229.44
654,Oliy,Sighard,osighardi5@1688.com,Female,107.109.153.4
655,Lorin,Croneen,lcroneeni6@amazon.co.jp,Male,148.208.98.171
656,Rip,Large,rlargei7@bigcartel.com,Male,239.224.178.238
657,Elvis,Waistall,ewaistalli8@microsoft.com,Male,230.122.188.150
658,Ardine,Costelow,acostelowi9@cdbaby.com,Female,147.134.248.129
659,Yancy,Speeding,yspeedingia@bigcartel.com,Male,129.7.132.192
660,Stillman,Vicent,svicentib@nifty.com,Male,82.159.174.160
661,Tomas,Calabry,tcalabryic@imgur.com,Male,156.57.196.82
662,Donnie,Giovannetti,dgiovannettiid@spotify.com,Male,25.204.60.184
663,Lowrance,Soans,lsoansie@twitpic.com,Male,122.144.206.113
664,Riane,Andresen,randresenif@yellowpages.com,Genderqueer,153.15.133.235
665,Judith,Leydon,jleydonig@pen.io,Female,58.222.161.79
666,Duke,Jewster,djewsterih@engadget.com,Male,5.216.64.229
667,Alonzo,Haughan,ahaughanii@java.com,Male,246.118.94.101
668,Alano,Wadeson,awadesonij@booking.com,Male,241.66.113.178
669,Bunny,Ather,batherik@noaa.gov,Female,56.80.111.164
670,Harwell,Withnall,hwithnallil@forbes.com,Male,15.177.91.106
671,Jeanie,Mallaby,jmallabyim@hubpages.com,Female,15.228.2.157
672,Feliza,Wethers,fwethersin@ameblo.jp,Female,137.51.152.2
673,Tedman,Bonnett,tbonnettio@theglobeandmail.com,Male,62.234.99.231
674,Max,Crunkhorn,mcrunkhornip@tiny.cc,Female,123.87.76.120
675,Gayler,Ladd,gladdiq@mit.edu,Male,30.100.67.95
676,Alvera,Kingsbury,akingsburyir@is.gd,Female,113.139.237.137
677,Jory,Vallerine,jvallerineis@tiny.cc,Male,222.242.64.174
678,Martynne,Shillam,mshillamit@cafepress.com,Genderfluid,238.65.103.214
679,Wynne,Simmonds,wsimmondsiu@e-recht24.de,Female,222.64.60.223
680,Bengt,Egarr,begarriv@google.fr,Male,149.48.212.88
681,Hyatt,Blissett,hblissettiw@hubpages.com,Male,181.167.48.145
682,Robby,Moisey,rmoiseyix@nasa.gov,Male,20.103.169.242
683,Lottie,Tenby,ltenbyiy@yahoo.com,Female,129.2.38.201
684,Teador,Debnam,tdebnamiz@storify.com,Male,91.51.123.162
685,Raye,Howler,rhowlerj0@stanford.edu,Female,168.4.8.86
686,Daren,Fundell,dfundellj1@upenn.edu,Male,137.61.132.113
687,Luce,Dunckley,ldunckleyj2@lulu.com,Female,56.43.133.7
688,Dana,Emslie,demsliej3@skyrock.com,Male,87.184.192.224
689,Feliks,Jennins,fjenninsj4@yellowpages.com,Male,91.245.58.131
690,Rutger,Hearthfield,rhearthfieldj5@de.vu,Male,18.52.158.123
691,Brina,Kramer,bkramerj6@ucla.edu,Female,8.50.157.223
692,Helyn,Grieger,hgriegerj7@jigsy.com,Female,176.104.158.125
693,Garret,Hucke,ghuckej8@typepad.com,Male,58.14.172.72
694,Val,Kindleysides,vkindleysidesj9@macromedia.com,Female,116.216.46.64
695,Abbie,Belsher,abelsherja@ameblo.jp,Male,189.64.65.249
696,Theodosia,Levensky,tlevenskyjb@howstuffworks.com,Female,141.74.212.136
697,Fin,Jodrellec,fjodrellecjc@gravatar.com,Male,54.180.172.65
698,Osmond,Duran,oduranjd@linkedin.com,Male,173.50.147.28
699,Derward,Tipperton,dtippertonje@surveymonkey.com,Male,123.183.225.100
700,Tiebold,Barbier,tbarbierjf@slideshare.net,Male,26.30.34.208
701,Thaddus,Bonder,tbonderjg@pinterest.com,Male,176.147.121.133
702,Marigold,Youson,myousonjh@oakley.com,Female,173.31.152.101
703,Sheffy,Ricoald,sricoaldji@whitehouse.gov,Male,177.230.162.116
704,Rock,Withey,rwitheyjj@mapquest.com,Male,204.207.120.135
705,Richie,Ivison,rivisonjk@goodreads.com,Male,150.174.220.91
706,Fredrick,Rash,frashjl@phpbb.com,Male,85.24.129.177
707,Allan,Challinor,achallinorjm@csmonitor.com,Male,231.173.59.47
708,Willem,Ubee,wubeejn@tamu.edu,Male,205.190.9.110
709,Gloriana,Widdows,gwiddowsjo@tmall.com,Female,177.238.19.29
710,York,Kiernan,ykiernanjp@boston.com,Male,219.124.192.128
711,Salli,Jezard,sjezardjq@google.it,Female,30.27.127.10
712,Prudence,Winterscale,pwinterscalejr@house.gov,Female,150.33.211.242
713,Emalia,Speeding,espeedingjs@cyberchimps.com,Female,190.252.100.149
714,Jackquelin,Sollner,jsollnerjt@npr.org,Female,120.247.28.43
715,Gifford,Glancey,gglanceyju@indiegogo.com,Male,251.60.33.235
716,Corry,Dumsday,cdumsdayjv@miitbeian.gov.cn,Female,196.98.105.118
717,Claude,Grishaev,cgrishaevjw@i2i.jp,Female,129.116.245.40
718,Mallory,Steen,msteenjx@csmonitor.com,Female,82.49.252.252
719,Darnall,Beaulieu,dbeaulieujy@printfriendly.com,Male,73.50.243.196
720,Nadiya,Coade,ncoadejz@plala.or.jp,Female,142.229.218.214
721,Meredithe,Walkden,mwalkdenk0@apple.com,Polygender,195.246.1.142
722,Cherise,Sertin,csertink1@soup.io,Female,66.1.255.18
723,Quint,Rampage,qrampagek2@mit.edu,Agender,46.84.95.104
724,Jean,Oganian,joganiank3@163.com,Male,103.26.125.142
725,Isaac,Le Noire,ilenoirek4@bandcamp.com,Genderqueer,39.120.224.133
726,Farley,Huntley,fhuntleyk5@adobe.com,Male,36.123.240.236
727,Moishe,Guiducci,mguiduccik6@salon.com,Male,165.148.9.246
728,Rivkah,Anfossi,ranfossik7@symantec.com,Female,198.39.245.89
729,Jami,Brende,jbrendek8@phpbb.com,Female,211.214.247.173
730,Timoteo,Boak,tboakk9@wikispaces.com,Male,165.23.183.77
731,Pepi,Greenhaugh,pgreenhaughka@auda.org.au,Bigender,169.15.183.101
732,Eugenio,Balaizot,ebalaizotkb@drupal.org,Male,108.54.210.249
733,Bobinette,Pell,bpellkc@umn.edu,Genderqueer,75.107.62.33
734,Gardner,Gorvin,ggorvinkd@icq.com,Male,121.229.64.178
735,Kellen,Kubyszek,kkubyszekke@nymag.com,Female,7.244.164.195
736,Jamil,Spalding,jspaldingkf@mlb.com,Male,13.234.176.101
737,Friedrich,Bradie,fbradiekg@sogou.com,Male,199.172.191.202
738,Travers,Prantl,tprantlkh@aboutads.info,Genderfluid,107.94.210.37
739,Sarene,Mudge,smudgeki@yale.edu,Female,211.145.176.193
740,Jaymee,Graalman,jgraalmankj@state.tx.us,Female,255.176.175.198
741,Petronilla,A'Barrow,pabarrowkk@nbcnews.com,Female,63.44.113.126
742,Beverlee,Neaves,bneaveskl@cpanel.net,Female,171.106.98.18
743,Brittan,Laughlin,blaughlinkm@sciencedaily.com,Female,155.142.207.77
744,Aluino,Synan,asynankn@techcrunch.com,Male,138.205.180.42
745,Arabela,Huckster,ahucksterko@businessinsider.com,Female,142.47.159.63
746,Adeline,Knibb,aknibbkp@cornell.edu,Female,217.179.49.54
747,Gusella,Lyngsted,glyngstedkq@gravatar.com,Agender,236.94.171.137
748,Moshe,Commuzzo,mcommuzzokr@nhs.uk,Polygender,205.79.86.230
749,Micheline,Anglish,manglishks@google.fr,Female,48.148.210.122
750,Ettore,Mazonowicz,emazonowiczkt@ycombinator.com,Male,160.167.11.76
751,Amory,Midlar,amidlarku@nytimes.com,Male,69.136.102.171
752,Jecho,Placidi,jplacidikv@salon.com,Non-binary,204.174.81.93
753,Seumas,Roistone,sroistonekw@theatlantic.com,Non-binary,207.18.58.4
754,Keriann,Heiner,kheinerkx@acquirethisname.com,Female,226.183.134.193
755,Alain,Codi,acodiky@ovh.net,Male,124.204.173.127
756,Reece,Shury,rshurykz@quantcast.com,Genderqueer,22.215.58.122
757,Jasmin,Wardington,jwardingtonl0@sogou.com,Female,84.230.183.139
758,Bron,Bevens,bbevensl1@nyu.edu,Male,123.49.17.127
759,Guy,Karleman,gkarlemanl2@thetimes.co.uk,Male,186.192.85.90
760,Adams,Hicken,ahickenl3@amazonaws.com,Male,246.40.11.156
761,Ayn,Grossman,agrossmanl4@reference.com,Female,234.58.249.44
762,Rudy,Ayer,rayerl5@freewebs.com,Male,47.203.164.68
763,Kit,Grisenthwaite,kgrisenthwaitel6@pen.io,Male,123.54.249.131
764,Hedvige,Bonn,hbonnl7@wp.com,Female,194.142.27.75
765,Humphrey,Fears,hfearsl8@phoca.cz,Male,197.109.18.57
766,Paolina,Smaile,psmailel9@discovery.com,Female,16.49.76.101
767,Hetty,Woolcocks,hwoolcocksla@ox.ac.uk,Female,70.4.196.102
768,Leia,Harflete,lharfletelb@ustream.tv,Female,102.241.182.246
769,Ellary,Gadeaux,egadeauxlc@chron.com,Male,211.89.209.49
770,Antonetta,Glashby,aglashbyld@phoca.cz,Female,97.127.36.190
771,Gar,Ketcher,gketcherle@spiegel.de,Male,121.68.129.105
772,Sutherland,Salter,ssalterlf@yellowbook.com,Male,148.230.37.46
773,Beth,Tavernor,btavernorlg@reference.com,Female,232.135.103.42
774,Marthena,Balding,mbaldinglh@imageshack.us,Female,34.34.75.165
775,Emile,Stanwix,estanwixli@hugedomains.com,Male,200.174.209.51
776,Kellia,Rixon,krixonlj@nasa.gov,Female,75.202.178.32
777,Isabelita,Drewson,idrewsonlk@quantcast.com,Bigender,209.157.23.89
778,Eduard,Brake,ebrakell@reverbnation.com,Male,159.125.44.1
779,Louella,Pashe,lpashelm@github.com,Polygender,103.48.241.250
780,Rowan,Babar,rbabarln@odnoklassniki.ru,Male,125.85.146.185
781,Godard,Haslen,ghaslenlo@wired.com,Male,78.8.109.43
782,Chrotoem,Cakebread,ccakebreadlp@bbb.org,Male,170.196.111.179
783,Lula,Morden,lmordenlq@google.com.br,Female,245.165.144.43
784,Amos,Ollington,aollingtonlr@webmd.com,Male,28.191.195.240
785,Nickolai,Georgot,ngeorgotls@virginia.edu,Male,126.158.223.244
786,Jerrylee,Duffy,jduffylt@nbcnews.com,Female,187.130.208.180
787,Lesley,Canto,lcantolu@eventbrite.com,Female,122.71.117.155
788,Madeline,Sherwyn,msherwynlv@unblog.fr,Genderfluid,211.188.96.37
789,Maureen,Hambric,mhambriclw@cbsnews.com,Female,201.194.142.8
790,Otes,Reinard,oreinardlx@bloglines.com,Male,188.36.55.150
791,Murial,Angrove,mangrovely@quantcast.com,Genderqueer,134.88.150.181
792,Fidelia,Mughal,fmughallz@squidoo.com,Female,59.171.107.155
793,Broderic,Cazalet,bcazaletm0@nih.gov,Male,112.141.180.254
794,Seana,Batey,sbateym1@quantcast.com,Female,51.251.191.35
795,Florentia,Parrish,fparrishm2@google.ca,Female,62.96.247.127
796,Sergeant,Feaster,sfeasterm3@gnu.org,Male,191.164.156.123
797,Penny,Bussey,pbusseym4@google.de,Agender,30.105.23.88
798,Lorenzo,Brandt,lbrandtm5@msu.edu,Male,71.243.45.109
799,Daniela,Pauletto,dpaulettom6@va.gov,Female,151.150.86.3
800,Tiertza,Brando,tbrandom7@go.com,Female,133.71.75.218
801,Mimi,Truran,mtruranm8@taobao.com,Female,45.123.200.5
802,Zacharia,Cordel,zcordelm9@mapy.cz,Male,7.53.212.48
803,Buddy,Tremblay,btremblayma@istockphoto.com,Male,121.216.102.73
804,Frederigo,O'Shavlan,foshavlanmb@blogtalkradio.com,Male,157.216.10.48
805,Gerty,Pauletti,gpaulettimc@forbes.com,Female,52.242.166.242
806,Fidel,Pozzi,fpozzimd@yale.edu,Male,223.76.118.244
807,Algernon,Mustoo,amustoome@mayoclinic.com,Male,222.105.189.30
808,Sly,Worsfield,sworsfieldmf@1688.com,Male,135.219.244.146
809,Rosco,Lintot,rlintotmg@tripod.com,Male,169.37.24.175
810,Shirlene,Iapico,siapicomh@sourceforge.net,Genderfluid,225.187.44.248
811,Lynnet,Gawn,lgawnmi@altervista.org,Female,66.57.20.194
812,Edmund,Truin,etruinmj@google.es,Male,120.215.17.47
813,Carl,Tootal,ctootalmk@ask.com,Male,80.91.125.126
814,Meier,Barrim,mbarrimml@oracle.com,Male,234.42.126.22
815,Herbie,Tethcote,htethcotemm@vinaora.com,Male,120.1.61.161
816,Krystalle,O'Regan,koreganmn@etsy.com,Female,89.199.12.209
817,Dicky,Oehme,doehmemo@un.org,Male,67.235.203.57
818,Trish,Ninotti,tninottimp@house.gov,Female,39.255.145.182
819,Bernadette,Sofe,bsofemq@tiny.cc,Female,75.191.148.160
820,Lulu,Seydlitz,lseydlitzmr@yolasite.com,Female,140.28.16.193
821,Annmarie,Deering,adeeringms@dailymail.co.uk,Female,61.38.229.9
822,Inglis,Asher,iashermt@theguardian.com,Male,48.77.222.201
823,Kayley,MacNeillie,kmacneilliemu@netvibes.com,Female,60.114.225.13
824,Vivyanne,Stoyles,vstoylesmv@clickbank.net,Female,109.86.141.235
825,Sollie,Payler,spaylermw@ox.ac.uk,Male,222.72.76.12
826,Cora,Beardmore,cbeardmoremx@cornell.edu,Female,84.177.2.213
827,Ty,Sherman,tshermanmy@fastcompany.com,Male,75.250.151.158
828,Ariela,Garlant,agarlantmz@nydailynews.com,Female,197.223.55.1
829,Iormina,Winwright,iwinwrightn0@sina.com.cn,Female,22.81.251.224
830,Adair,Gremain,agremainn1@jiathis.com,Male,33.131.244.207
831,Ilysa,Howland,ihowlandn2@newsvine.com,Genderqueer,6.135.49.53
832,Vic,Savatier,vsavatiern3@yale.edu,Male,72.219.141.201
833,Silas,De Bruijn,sdebruijnn4@nymag.com,Male,104.57.7.176
834,Ambros,Beel,abeeln5@live.com,Bigender,156.164.141.138
835,Delphinia,Busch,dbuschn6@ebay.co.uk,Female,28.243.183.115
836,Matilde,Cooch,mcoochn7@github.io,Genderqueer,36.80.225.159
837,Lisha,Kenelin,lkenelinn8@zdnet.com,Female,167.159.180.124
838,Clement,Dictus,cdictusn9@privacy.gov.au,Male,207.94.148.59
839,Verge,Habden,vhabdenna@msn.com,Male,137.61.186.199
840,Randi,Jess,rjessnb@studiopress.com,Male,132.108.199.211
841,Derril,Goulbourn,dgoulbournnc@house.gov,Male,6.134.90.136
842,Gardiner,Speller,gspellernd@goodreads.com,Male,120.177.41.238
843,Kerby,Dulson,kdulsonne@free.fr,Male,230.77.93.25
844,Sigismondo,Maskelyne,smaskelynenf@webnode.com,Male,178.28.132.199
845,Anthe,Freebury,afreeburyng@studiopress.com,Female,101.181.41.96
846,Bernette,Rushmere,brushmerenh@blinklist.com,Female,129.218.241.55
847,Finn,Peever,fpeeverni@oakley.com,Male,162.239.142.231
848,Zechariah,Ayars,zayarsnj@census.gov,Male,83.126.114.41
849,Jakob,Callam,jcallamnk@senate.gov,Male,194.83.173.124
850,Seward,Cleaton,scleatonnl@usgs.gov,Male,232.65.120.246
851,Genia,Dudden,gduddennm@marketwatch.com,Female,211.95.13.169
852,Thaddus,Sapsed,tsapsednn@booking.com,Male,71.245.38.97
853,Natassia,Renison,nrenisonno@unblog.fr,Female,217.65.113.33
854,Minne,Janeway,mjanewaynp@zimbio.com,Female,119.190.191.42
855,Nikkie,Ferreres,nferreresnq@dell.com,Female,66.105.82.222
856,Terrill,Minghella,tminghellanr@alexa.com,Male,118.201.62.192
857,Budd,Balcers,bbalcersns@oakley.com,Polygender,224.64.13.99
858,Britte,Allso,ballsont@woothemes.com,Female,68.33.136.47
859,Rozelle,Farnie,rfarnienu@cam.ac.uk,Female,232.230.149.158
860,Charla,Kiezler,ckiezlernv@networkadvertising.org,Female,28.218.132.13
861,Stephan,Willowby,swillowbynw@xrea.com,Male,77.62.28.244
862,Nathaniel,Grinin,ngrininnx@scientificamerican.com,Male,77.137.131.34
863,Inness,Leadston,ileadstonny@alibaba.com,Male,28.167.77.250
864,Melinde,Dundon,mdundonnz@github.com,Female,220.40.104.157
865,Herrick,Bruineman,hbruinemano0@netscape.com,Male,175.109.32.123
866,Kesley,Flattman,kflattmano1@wunderground.com,Female,22.44.56.58
867,Charmaine,Cuncliffe,ccuncliffeo2@wisc.edu,Female,116.34.253.17
868,Lari,Greguol,lgreguolo3@imdb.com,Female,201.71.78.113
869,Dorisa,Henden,dhendeno4@a8.net,Female,58.58.142.236
870,Marika,Attenbrow,mattenbrowo5@usgs.gov,Female,44.110.104.190
871,Caesar,Stammler,cstammlero6@senate.gov,Male,90.228.238.86
872,Waldon,Batha,wbathao7@ning.com,Male,80.12.113.171
873,Nick,Birdsall,nbirdsallo8@bloomberg.com,Male,98.170.55.46
874,Kaile,Villiers,kvillierso9@upenn.edu,Female,8.39.52.118
875,Adoree,Teligin,ateliginoa@wired.com,Female,161.20.135.137
876,Raul,Colborn,rcolbornob@uol.com.br,Male,192.92.55.179
877,Shayla,Scorey,sscoreyoc@jiathis.com,Female,89.209.23.204
878,Miquela,Knappett,mknappettod@simplemachines.org,Female,53.93.147.159
879,Nicky,Endricci,nendriccioe@spotify.com,Male,93.66.250.71
880,Grady,Cuckoo,gcuckooof@google.nl,Male,166.218.128.189
881,Ken,Jahnisch,kjahnischog@washington.edu,Male,103.1.92.171
882,Briggs,Ferronet,bferronetoh@cyberchimps.com,Male,25.11.255.243
883,Dulsea,Leedes,dleedesoi@privacy.gov.au,Female,132.187.28.105
884,Kris,Hatchette,khatchetteoj@purevolume.com,Genderfluid,87.254.160.244
885,Dory,Greaterex,dgreaterexok@last.fm,Male,149.68.98.74
886,Lindsey,Klemenz,lklemenzol@weibo.com,Female,143.63.85.233
887,Clarance,Foucard,cfoucardom@edublogs.org,Male,128.58.75.246
888,Madelyn,Drewe,mdreweon@spiegel.de,Female,202.90.223.11
889,Cully,Lorek,clorekoo@clickbank.net,Male,237.144.245.162
890,Benjy,Gillbe,bgillbeop@weather.com,Male,164.239.247.190
891,Hunter,Funcheon,hfuncheonoq@virginia.edu,Male,48.78.120.102
892,Erik,Kingshott,ekingshottor@360.cn,Male,168.103.57.229
893,Sybil,Stribling,sstriblingos@skyrock.com,Female,231.40.226.97
894,Karia,Ellens,kellensot@slate.com,Female,133.47.107.103
895,Audie,MacAlester,amacalesterou@ca.gov,Female,7.141.157.163
896,Agustin,Test,atestov@imdb.com,Male,208.149.185.56
897,Cedric,Gawthrop,cgawthropow@comcast.net,Male,182.190.238.56
898,Gilberta,Sacher,gsacherox@biglobe.ne.jp,Female,142.179.98.110
899,Clementius,McLae,cmclaeoy@utexas.edu,Male,64.98.200.176
900,Jarrid,O' Donohue,jodonohueoz@about.me,Male,22.161.124.238
901,Georgetta,Reven,grevenp0@last.fm,Female,158.234.53.84
902,Cary,Brankley,cbrankleyp1@dot.gov,Male,40.136.81.207
903,Auroora,Metzing,ametzingp2@cloudflare.com,Female,46.166.1.65
904,Mill,Hollow,mhollowp3@canalblog.com,Male,169.8.203.202
905,Carson,Tome,ctomep4@sphinn.com,Male,82.243.200.215
906,Karol,Marushak,kmarushakp5@amazon.de,Female,19.211.41.73
907,Joline,Udie,judiep6@bloglovin.com,Female,191.144.174.111
908,Margaret,Dyett,mdyettp7@cdbaby.com,Female,225.132.74.72
909,Karine,Buckbee,kbuckbeep8@narod.ru,Female,242.155.83.161
910,Johann,Saban,jsabanp9@usgs.gov,Male,150.49.67.100
911,Penelope,Bryning,pbryningpa@networkadvertising.org,Female,229.44.82.173
912,Carolin,Chislett,cchislettpb@yolasite.com,Female,45.82.41.67
913,Izzy,Henriet,ihenrietpc@pbs.org,Male,165.58.119.39
914,Debby,Drewitt,ddrewittpd@japanpost.jp,Female,240.26.189.40
915,Farris,Butts,fbuttspe@howstuffworks.com,Male,139.143.102.191
916,Cornelia,Ritchman,critchmanpf@mail.ru,Genderfluid,161.67.154.80
917,Krystalle,Mellhuish,kmellhuishpg@bloglines.com,Female,118.15.147.3
918,Glenn,Probate,gprobateph@artisteer.com,Male,58.135.187.9
919,Ivor,Windless,iwindlesspi@bizjournals.com,Male,13.26.164.159
920,Ben,Daft,bdaftpj@netvibes.com,Male,158.114.82.127
921,Annemarie,Hamon,ahamonpk@cam.ac.uk,Female,43.31.107.164
922,Lyman,Kime,lkimepl@howstuffworks.com,Male,106.27.90.84
923,Ericha,Brodest,ebrodestpm@nymag.com,Female,36.171.67.229
924,Donavon,Ivie,diviepn@msn.com,Male,244.38.123.244
925,Pearce,Seiler,pseilerpo@mail.ru,Male,88.179.92.8
926,Brianna,Rosina,brosinapp@tiny.cc,Female,7.121.120.44
927,Augy,Snaden,asnadenpq@washingtonpost.com,Male,151.215.8.179
928,Leda,Chattell,lchattellpr@bing.com,Female,62.142.7.121
929,Debi,Issacson,dissacsonps@cisco.com,Female,158.246.36.178
930,Leontine,Filip,lfilippt@clickbank.net,Female,152.87.36.110
931,Forrester,Jeppe,fjeppepu@salon.com,Male,173.180.37.79
932,Venita,Stritton,vstrittonpv@51.la,Female,238.80.117.77
933,Giovanna,Louch,glouchpw@goodreads.com,Polygender,236.57.216.213
934,Letti,Andrin,landrinpx@oaic.gov.au,Female,173.97.75.12
935,Emilee,Cossem,ecossempy@moonfruit.com,Female,119.244.251.239
936,Cosette,Rummings,crummingspz@qq.com,Genderqueer,70.82.166.114
937,Theobald,Osman,tosmanq0@baidu.com,Genderqueer,170.185.4.35
938,Cindi,Morrad,cmorradq1@who.int,Female,251.145.12.40
939,Roanna,Ciotti,rciottiq2@shareasale.com,Female,224.155.32.43
940,Glenine,Kenderdine,gkenderdineq3@tripod.com,Female,200.46.51.105
941,Leesa,Allred,lallredq4@smugmug.com,Female,80.146.163.242
942,Jody,Geffcock,jgeffcockq5@blogs.com,Male,228.5.22.251
943,Kinsley,Aherne,kaherneq6@a8.net,Male,65.173.26.171
944,Raoul,Penquet,rpenquetq7@uol.com.br,Male,214.246.144.187
945,Yancy,Dansey,ydanseyq8@hud.gov,Male,58.67.107.112
946,Paulie,Yanson,pyansonq9@google.de,Male,168.48.148.84
947,Alano,Jasper,ajasperqa@businesswire.com,Male,139.59.24.170
948,Chere,Alen,calenqb@google.com.au,Female,71.69.220.110
949,Dian,Jiracek,djiracekqc@parallels.com,Female,53.209.87.174
950,Dukey,Bryett,dbryettqd@tamu.edu,Male,199.25.137.99
951,Julita,Colegrove,jcolegroveqe@acquirethisname.com,Female,115.23.33.199
952,Drucie,Brevitt,dbrevittqf@ucoz.ru,Female,61.115.247.80
953,Norri,Spinnace,nspinnaceqg@cbsnews.com,Female,85.56.158.204
954,Fair,Cordrey,fcordreyqh@wunderground.com,Male,215.85.233.26
955,Duffie,Daintier,ddaintierqi@unblog.fr,Male,12.27.213.75
956,Devland,Kears,dkearsqj@addtoany.com,Male,29.70.41.123
957,Edythe,Chark,echarkqk@zimbio.com,Female,35.207.16.4
958,Benita,Batter,bbatterql@networksolutions.com,Female,160.41.246.122
959,Willamina,Sottell,wsottellqm@yellowpages.com,Female,50.32.92.97
960,Ange,Fancy,afancyqn@netvibes.com,Male,99.59.186.80
961,Basilio,Yourell,byourellqo@people.com.cn,Male,221.66.24.139
962,Dulcie,Batistelli,dbatistelliqp@gov.uk,Genderfluid,35.172.114.127
963,Ailsun,Blaik,ablaikqq@ucoz.ru,Female,69.10.19.179
964,Laney,Rance,lranceqr@mail.ru,Female,32.92.6.51
965,Fabien,Valentelli,fvalentelliqs@dedecms.com,Male,175.235.158.213
966,Doe,Lashbrook,dlashbrookqt@flavors.me,Female,239.129.23.108
967,Nerita,Ansteys,nansteysqu@yellowpages.com,Female,85.253.125.221
968,Dorri,McNee,dmcneeqv@google.fr,Female,23.236.127.48
969,Brodie,Cridlin,bcridlinqw@unc.edu,Male,87.26.200.248
970,Gabrila,Dearnaly,gdearnalyqx@ustream.tv,Female,226.26.40.183
971,Harriett,Abramin,habraminqy@ow.ly,Female,153.152.60.110
972,Cecile,Whitecross,cwhitecrossqz@storify.com,Female,157.203.234.198
973,Darcy,Dallow,ddallowr0@google.ca,Female,179.163.34.47
974,Brad,Causby,bcausbyr1@parallels.com,Male,26.174.153.43
975,Jessalin,Diprose,jdiproser2@bandcamp.com,Female,183.104.108.244
976,Jan,Barstock,jbarstockr3@blog.com,Male,71.24.47.241
977,Jodie,Strethill,jstrethillr4@ca.gov,Male,114.216.20.153
978,Charlean,Feldmus,cfeldmusr5@bing.com,Genderfluid,251.124.103.0
979,Edd,Pennells,epennellsr6@ftc.gov,Male,27.125.33.21
980,Vincent,Tesseyman,vtesseymanr7@engadget.com,Male,33.70.48.172
981,Vanya,Renak,vrenakr8@pen.io,Male,93.1.61.23
982,Tandi,Brearley,tbrearleyr9@google.com,Genderqueer,194.144.211.32
983,Sheridan,Whittock,swhittockra@cocolog-nifty.com,Male,155.93.125.255
984,Kenneth,Adamsson,kadamssonrb@acquirethisname.com,Male,163.175.208.122
985,Griswold,O'Lenane,golenanerc@prnewswire.com,Male,245.182.10.67
986,Neile,Mc Gee,nmcgeerd@indiegogo.com,Bigender,85.84.251.198
987,Jarib,Lampart,jlampartre@cafepress.com,Male,185.14.6.89
988,Frannie,Naismith,fnaismithrf@jigsy.com,Male,231.56.20.3
989,Zaria,Bonhan,zbonhanrg@gmpg.org,Female,187.86.201.111
990,Fanni,Berridge,fberridgerh@oracle.com,Female,97.188.195.171
991,Ashby,Haszard,ahaszardri@tripadvisor.com,Male,162.246.170.247
992,Lia,Milan,lmilanrj@sakura.ne.jp,Female,155.127.175.235
993,Trixy,Winterbottom,twinterbottomrk@vk.com,Female,57.235.125.176
994,Ingeborg,Greader,igreaderrl@feedburner.com,Female,23.181.39.151
995,Devland,Blindmann,dblindmannrm@devhub.com,Male,189.210.215.79
996,Filmore,Savil,fsavilrn@blinklist.com,Bigender,200.172.117.254
997,Ivor,Huchot,ihuchotro@ihg.com,Genderqueer,11.127.24.63
998,Adolph,Farlamb,afarlambrp@fema.gov,Male,113.235.195.42
999,Blair,Roizn,broiznrq@multiply.com,Female,135.176.173.250
1000,Cacilie,Farriar,cfarriarrr@jalbum.net,Female,79.33.55.247
